CL1Contig18	187	25.2	4712	ACTCGAGGACAAGGATGTGGCCG
CL1Contig20	378	244.5	92431	CAGGTCGAAATGCATAGAAAACACACCAGCAAGTTCCATCGTGTTTCTCTCCCAAGTTAGGTGTACTTAGCTGTTAATGCAAAATCGCGCAAATGAGCCAAATTGAACGTTACAAAAGCCAAGTACGTCCGAAATAGCTTCTTT
CL1Contig21	378	1888.3	713763	TGGTGTGTTTTCTATGCATTTCGACCTGAAAGAAGCTAGTTCGGACGTACTTGGCTTTTGTAACGTTCAATTTGACTCATTTACGCTTGGCATTAACAGCTCAACTACACCTAACTTTGCAAATGAACACGATGGGAACTTGC
CL2Contig4	152	18.2	2768	TGT
CL2Contig79	346	95.7	33101	TGT
CL2Contig108	211	13.8	2905	AGAT
CL2Contig120	259	6.2	1596	ATTTGTTAGAAGCTACTA
CL2Contig121	158	5.0	787	AAC
CL2Contig130	100	2.0	200	AAGATGGAGGGCACAAGGAGAAGGGGACGACAGAGGATGAGATGGTTGGGA
CL3Contig3	362	91.6	33144	TCTGTTTCCAACACCAAACCTCTCAGGGAAGAATTTGCAACAATTTGGCACCATTTTTGAGAGAATTGGATAACGTAAGATTTTTGATGAAATTGTGAAATTTAAAAAAAAAATTTTTCTGCACGTAGAGTCGCCAAAGCCTGATTTTCCCGCATAAGATAAAAACACG
CL3Contig8	101	1.8	178	TTAGGG
CL3Contig10	117	2.8	326	AGGGTTAGGTTT
CL3Contig10	117	2.8	326	AGGGTT
CL3Contig13	117	7.6	885	AGGGTT
CL3Contig14	497	423.3	210359	CCTAAC
CL3Contig15	154	18.1	2787	TTAGGG
CL3Contig17	436	184.5	80437	AGGGTT
CL3Contig18	101	4.6	468	AGGGTT
CL3Contig19	279	32.4	9040	AGGGTT
CL3Contig23	327	10.2	3351	AGGGTT
CL3Contig23	327	10.2	3351	CCTAAC
CL3Contig23	327	10.2	3351	ACCCTAACCCTC
CL3Contig23	327	10.2	3351	CCTAACCCTCACCCTCAC
CL3Contig25	107	1.9	201	TTAGGG
CL3Contig25	107	1.9	201	TTAGGGTTAGGGATAGGT
CL3Contig29	100	1.7	169	AACCCT
CL3Contig29	100	1.7	169	AACCCTAAACCT
CL3Contig31	121	6.2	746	TAACCC
CL3Contig33	107	12.3	1314	AGGGTT
CL3Contig37	124	4.2	518	AGGGTT
CL3Contig38	313	31.5	9844	AGGGTT
CL3Contig39	101	1.9	189	ACTCGAGGATATGATGTGGCCG
CL3Contig47	115	1.7	200	AGGGTT
CL3Contig52	104	1.9	199	TTAGGG
CL3Contig54	595	302.4	179934	GGGTTA
CL3Contig54	595	302.4	179934	GTGGAAACAAAAGCGTTTTTTCCTAGGCTAGAAAATCAGGCCTCGGCAACTACACCTGCGGAAAAAGTTCTTTTTGAAAACTTCACAATTTCACCAAAAATCTGACATTATCCAAGTCTCTCAAAAATGGTGACAAACTGTTCAAAATTCTACCCTGAAAGGTTTCGCC
CL3Contig54	595	302.4	179934	AGGGTT
CL3Contig55	392	197.2	77309	CTAACC
CL3Contig56	192	52.0	9993	GGGTTA
CL3Contig65	91	1.9	177	AGGGTT
CL3Contig71	135	18.6	2516	AGGGTT
CL3Contig72	115	2.2	258	AGGTTT
CL4Contig93	151	11.1	1672	TGCCATTTACCTTCC
CL4Contig99	210	8.7	1827	GTTTTTTTGT
CL4Contig106	192	11.7	2244	GCATAAAAAGATAT
CL4Contig119	124	9.8	1217	TGGCAGGAAGGTAAA
CL4Contig127	335	42.3	14159	TC
CL4Contig155	118	2.1	246	ACTCGAGTTGAGAATGTGGTCCG
CL4Contig155	118	2.1	246	ACTCGAGTTGAGGATGTGGCCG
CL4Contig247	127	7.1	898	AACTGGTACACTACAG
CL5Contig29	104	3.2	329	CCGACTCGAGGGTTAGATGTGG
CL6Contig10	100	1.6	162	CCGACTCGAGTCGACAATGTGG
CL7Contig10	130	2.3	293	GATGAGCCTATGGAAAAACGCCA
CL7Contig10	130	2.3	293	ATGGAAAAACGCCAG
CL7Contig11	102	2.4	246	ACTCGAGTTTCTGATGTGGCCG
CL7Contig11	102	2.4	246	ACTCGAGCTTCTGATGTGGCCGACTCGAGAGGCTTATGTGGCCG
CL7Contig13	85	1.7	148	ATGTGGCCACTCGAGTTGCGT
CL7Contig14	108	1.6	168	CCGACTCGAGGGAGCCATGTGG
CL7Contig16	128	39.1	5002	GCCACATAAAAAACTCGAGTC
CL7Contig20	135	1.5	200	CTCGAGTGGCCACATAAGACACTCGAGTCGGCCACATTATATCCT
CL7Contig20	135	1.5	200	CTCGAGTCGGCCACATATATC
CL7Contig25	106	1.9	201	GGCCGACTCGAGGTGGATGT
CL7Contig25	106	1.9	201	ATGTGGCCGACTCGAGGGCCT
CL7Contig28	94	1.9	176	GACTCGAGAGTGAATGTGGCC
CL7Contig30	108	1.9	200	GGTATGATGTGGCCGACTCGA
CL7Contig32	120	6.0	726	ATAGAATC
CL7Contig33	101	1.6	161	TCAATGTGGCCGACTCGAGGA
CL7Contig33	101	1.6	161	ATGTGGCCGACTCGAGGAGGG
CL7Contig33	101	1.6	161	AATGTGGCCGACTCGAGGATCCGATGTGGCCGACTCGAGAGGA
CL7Contig37	127	1.6	198	CCACATAACGCTCTCGAGTCGG
CL7Contig45	139	1.4	193	GCCACATCTAGCCTCGAGTCG
CL7Contig57	101	1.8	183	CTCGAGTCGGGCCACATACAAGC
CL7Contig59	105	7.8	822	CCACATCAACCCCTCGAGTGC
CL7Contig60	120	1.5	180	CTCGAGTCGGCCACATAACAAC
CL7Contig61	146	7.6	1105	TGGCATTAGTTTTCTCCGAGTTCTTTTTTCTGGGATC
CL7Contig69	124	1.6	200	CCGACTCGAGGGAGGATGTGG
CL7Contig69	124	1.6	200	CCGACTCGAGGGAGAGATGTGGCCGACTCGAGCGGGTATGTGG
CL7Contig72	98	1.6	160	ACTCGAGGAGCTGATGTGGCCG
CL7Contig78	100	1.6	164	ATGTGGCCGACTCGAGGGCTG
CL7Contig89	150	44.7	6707	CTCGAGGTTAAAATGTGGCCG
CL7Contig97	129	1.4	178	ACTCGAGTCGGCCACATATAA
CL7Contig99	101	1.9	192	CACATCAGAAACTAGAGTCGGC
CL7Contig100	93	1.6	153	ACTCGAGAGTACAATGTGGCCG
CL7Contig101	132	1.4	187	CCGACTCGAGAGGTATATGTGG
CL7Contig106	144	1.4	200	CTCGAGTCGGCCACATAAGCAC
CL7Contig106	144	1.4	200	CTCGAGTCGGCCACATAAACAC
CL7Contig108	129	2.0	263	ACTCGAGGATGGAATGTGGCCG
CL7Contig111	107	1.5	161	ACTCGAGGTGTTGATGTGGCCG
CL7Contig111	107	1.5	161	ACTCGAGGGGTTGATGTGGCCGACTCGAGTGTGGGATGTGGCCG
CL7Contig114	101	1.6	161	ACTCGAGGCTCAATGTGGCCG
CL7Contig114	101	1.6	161	ACTCGAGCTGCAATGTGGCCGACTCGAGGAACAATGTGGCCG
CL7Contig116	129	1.6	201	GCCACATACATCAACTCGAGTCG
CL7Contig116	129	1.6	201	CCTCGAGTCGGCCACATAAT
CL7Contig126	101	1.5	156	CTGCACTCGAGTCGGCCACATT
CL7Contig126	101	1.5	156	CACTCGAGTCGGCCACATACAACCCTCGAGTCGGCCACATTCGA
CL7Contig128	123	1.4	168	ACTCGAGGAGAGTATGTGGCCG
CL7Contig133	124	30.9	3832	GCCACATAAAAGCCTCGAGTG
CL7Contig137	135	1.8	246	GCCACATCATAGCTCGAGTCG
CL7Contig137	135	1.8	246	CTCGAGTCGGCCACATCTCTAG
CL7Contig139	145	1.3	193	GACTCGAGTAGCTTATGTGGCC
CL7Contig139	145	1.3	193	TATGTGGCGACTCGAGGCGAA
CL7Contig142	126	1.6	200	GCCACATTATAACTCGAGTCG
CL7Contig151	113	2.9	328	ATGTGGCCGACTCGAGATCTGT
CL7Contig151	113	2.9	328	GGAATGTGGCCGACTCGAGATCTGTATGTGGCCGACTCGAGATC
CL7Contig151	113	2.9	328	TGGAATGTGGCCGACTCGAGATC
CL7Contig152	101	1.6	158	TCGAGTCGGCCACATACCTACC
CL7Contig154	118	1.7	200	ATGTGGCCGACTCGAGATCGAC
CL7Contig155	135	1.5	202	CTCGAGTCGGCCACATCAGAAA
CL7Contig157	107	1.7	177	GCTCGAGTCGGCCACATCAACC
CL7Contig158	99	1.6	154	AACTCGAGTCGGACATAGAG
CL7Contig158	99	1.6	154	AACTCGAGTCGGACATACAGAACTCGAGTCGGACACATGGGT
CL7Contig158	99	1.6	154	AACTCGAGTCGGACATACAGAACTCGAGTCGGACACATAACT
CL7Contig163	147	24.5	3600	TTTTCCTGCCTTCCTCACTCCTCA
CL7Contig163	147	24.5	3600	TCCTCATTTTCCTGCCT
CL7Contig171	117	1.5	173	AATGTGGCCGACTCGAGGGGCG
CL7Contig172	128	4.6	586	CCACATCTAGACCTCGAGTGG
CL7Contig173	150	18.0	2706	TCTCGAGTCGGCCACATACCCC
CL7Contig177	83	1.6	130	CACTCGAGTCGGCCACATACAA
CL7Contig182	116	11.6	1344	CCACATCCCCCACTCGAGTCGG
CL7Contig182	116	11.6	1344	CTCGAGTCGGCCACATCACAAC
CL7Contig185	122	1.6	190	CCGACTCGAGCTAAGATGTGG
CL7Contig185	122	1.6	190	ATGTGGCCGACTCGAGTACGAATGTGGCCGACTCGAGATCCAGG
CL7Contig186	94	1.6	150	CTCGAGTCGGCCACATCCATCA
CL7Contig193	122	1.6	190	CCACATAACAAGCTCGAGTCGGA
CL7Contig199	158	2.4	373	TATGTGGCCGACTCGAGGGCAC
CL7Contig199	158	2.4	373	TATGTGGCCGACTCGAGGTGC
CL7Contig199	158	2.4	373	ACTCGAGCTTACTATGTGGCCGACTCGAGGTGACTATGTGGCCG
CL7Contig200	107	1.6	168	TATGTGGCCGACTCGAGGGTAG
CL7Contig202	101	1.7	175	CTCGAGTCGGCCACATGCCTA
CL7Contig212	114	2.8	324	GAGTCGGCCACATAAGCACTC
CL7Contig212	114	2.8	324	GAGTCGGCCACATAACATCTCGAGTCGGCCACATCAACCACTC
CL7Contig214	157	54.4	8548	CCTCGAGTCGGCCACATACAA
CL7Contig223	150	10.8	1617	ACTCGAGTCGGCCACATCATCAT
CL7Contig224	100	1.8	180	ACTCGAGTACTATGTGGCCG
CL7Contig225	101	1.7	173	GATGTGGCCGACTCGAGGTACA
CL7Contig225	101	1.7	173	GATGTGGCCGACTCGAGTGAC
CL7Contig227	111	1.7	184	GTCGGCCACATTACCACCTCGA
CL7Contig237	106	1.5	158	ACTCGAGGTGACGATGTGGCCG
CL7Contig237	106	1.5	158	GATGTGGCCGACTCGAGTTT
CL7Contig239	131	1.5	201	ATGTGGCCGACTCGAGTGTA
CL7Contig244	116	1.7	201	GCCACATATCAACCCTCGAGTCG
CL7Contig249	98	1.6	156	CCCTCGAGTCGGCCACATACAA
CL7Contig253	101	1.6	157	GCCACATACGAAACTCGAGTC
CL7Contig257	109	1.6	175	CACATCCAATCCCTCGAGTCGGC
CL7Contig257	109	1.6	175	CCTCGAGTCGGCCACATCAGCG
CL7Contig259	97	1.6	151	CCGACTCGAGTATCTTATGTGG
CL7Contig260	86	1.6	140	GGCCACATAGCCGCCTCGAGTC
CL7Contig260	86	1.6	140	GGCCACATAGCCCGCCTCGAGTC
CL7Contig270	109	1.6	176	GCCACATATTAAACTCGAGTCG
CL7Contig271	159	43.8	6957	CTCGAGTCGGCCACATACCAAC
CL7Contig274	100	1.6	157	ACTCGAGTTTACTATGTGGCCG
CL7Contig277	104	1.6	166	CCACATCCGGACCTCGAGTCGGA
CL7Contig280	131	1.5	200	GAGTGAAGATGTGGCCGACTC
CL7Contig281	142	1.4	201	ATGTGGCCGACTCGAGGCAACAG
CL7Contig288	115	1.4	166	ATGTGGCCGACTCGAGTGGATG
CL7Contig288	115	1.4	166	ATGTGGCCGACTCGAGTGCACC
CL7Contig291	100	1.7	173	CTCGAGTCGGCCACATCTACTGC
CL7Contig291	100	1.7	173	CTCGAGTCGGCCACATCACCG
CL7Contig291	100	1.7	173	CTCGAGTGGCCACATCTACGCCTCGAGTCGGCCACATGACCGC
CL7Contig294	123	1.5	185	AGCTCGAGTCGGCCACATATA
CL7Contig296	112	1.8	196	ACTCGAGGATATAAATGTGGCCG
CL7Contig296	112	1.8	196	ATGTGGCCGACTCGAGTTGTAA
CL7Contig297	124	1.5	180	CTCGAGTCGGCCACATAAGAC
CL7Contig298	140	4.3	596	CTCGAGTCGGCCACATTCCAA
CL7Contig301	127	1.9	239	CCGACTCGAGAGCTAATGTGG
CL7Contig307	107	1.9	201	CCGACTCGAGTGGCGAATGTGG
CL7Contig308	87	1.9	167	ATGTGGCCGACTCGAGGTTAA
CL7Contig311	93	1.5	144	CGAGTCGGCCACATCGTGACCT
CL7Contig311	93	1.5	144	CGAGTCGGCCACATCATGACCTCGAGTCGGCCACATGATGACT
CL7Contig311	93	1.5	144	CGAGTCGGCCACATCGATGACT
CL7Contig312	118	1.6	190	ACTCGAGTCGGCCACATATCC
CL7Contig315	113	1.5	173	AGTCGGCCACATCATCACTCG
CL7Contig315	113	1.5	173	AGTCGGCCACATCCACAACTCGAGTCGGCCACATCACCCACTCG
CL7Contig315	113	1.5	173	AGTCGGCCACATTCCAACTCGAGTCGGCACATACCGCACTCG
CL7Contig316	130	1.5	197	CCACATACTATGCTCGAGTCGG
CL7Contig316	130	1.5	197	CTCGAGTCGGCCACATCAAC
CL7Contig318	101	1.6	157	TCTGGCGTTTTTCCATAGGCTCATCAATATG
CL7Contig321	101	1.7	173	CTCGAGTCGGCCACATACACCA
CL7Contig322	119	1.4	169	CTCGAGTCGGCCACATACAAAC
CL7Contig322	119	1.4	169	CTCGAGTCGGCCACATTATCAC
CL7Contig323	102	2.0	201	CTCGAGTCGGCCACATACCTC
CL7Contig323	102	2.0	201	CTCGAGTCGGCCACATAACCTC
CL7Contig324	102	1.7	173	CTCGAGTCGGCCACATACCCAT
CL7Contig326	113	1.8	200	ACTCGAGGATGACATGTGGCCG
CL7Contig328	99	1.6	161	CTCGAGTCGGCCACATACAAGC
CL7Contig329	92	1.7	154	CGAGTCGGCCACATTATCACCT
CL7Contig329	92	1.7	154	CGAGTCGGCCACATACATTACT
CL7Contig331	126	1.6	201	ACTCGAGGAGTAATGTGGCCG
CL7Contig339	71	1.7	119	ATGTGGCCGACTCGAGGGACGA
CL7Contig344	104	14.6	1523	GCCACATGCTCCTCTCGAGTC
CL7Contig345	82	1.6	130	ACTCGAGCTAGTTATGTGGCCG
CL7Contig347	150	2.7	399	CTCGAGTCGGCCACATCCCT
CL7Contig347	150	2.7	399	CTCGAGTCGGCCACATCAAAAG
CL7Contig351	100	2.2	220	ACTCGAGAGGTGATGTGGCCG
CL7Contig352	111	1.8	198	GACTCGAGGCTTGATGTGGCC
CL7Contig352	111	1.8	198	GACTCGAGGCTAGATGTGGCCGACTCGAGGCTATCAGTGTCC
CL7Contig355	144	2.4	350	CTCGAGAAGTTTATGTGGCCGA
CL7Contig356	101	1.7	167	CCACATAAGCAATCTCGAGTCGG
CL7Contig356	101	1.7	167	TCTCGAGTCGGCCACATAGCCC
CL7Contig369	126	1.9	236	GTCGGCCACATTCACACTCGA
CL7Contig370	123	5.2	635	AGTCGGCCACATAAAACCCTCG
CL7Contig376	112	1.8	200	TATGTGGCCGACTCGAGGTTAT
CL7Contig380	151	1.3	201	GACTCGAGGTGAGATGTGGTCC
CL7Contig381	122	1.9	227	ACTCGAGGTGTTATGTGGCCG
CL7Contig381	122	1.9	227	ATGTGGCCGACTCGAGTTCGTA
CL7Contig386	128	1.4	176	ATGTGGCCGACTCGAGGGCTG
CL7Contig387	122	1.5	183	ACTCGAGCGGTTCATGTGGCCG
CL7Contig387	122	1.5	183	ATGTGGCCGACTCGAGCAATAATGTGGCCGACTCGAGGTAATC
CL7Contig389	104	1.5	158	ATGTGGCCGACTCGAGTTTTT
CL7Contig390	139	1.4	190	CTCGAGTCGGCCACATACTCAA
CL7Contig390	139	1.4	190	CTCGAGTCGGCCACATCTCAACCTCGAGTCGGCCACATAAAAAC
CL7Contig393	118	1.6	192	CCACATGACGCACTCGAGTCGG
CL7Contig393	118	1.6	192	CTCGAGTCGGCCACATTCACAC
CL7Contig399	131	14.6	1916	CCTCGAGTCGGCCACATAAAAG
CL7Contig400	104	1.5	159	ACTCGAGGGCTGGATGTGGCCG
CL7Contig400	104	1.5	159	GATGTGGCCGACTCGAGCCTGT
CL7Contig405	126	2.0	254	GCCGACTCGAGTTATGGATGTG
CL7Contig409	101	1.4	146	CCGACTCGAGGTTCGGATGTGG
CL7Contig411	100	1.6	160	GGCCGACTCGAGACGAGAATGT
CL7Contig416	145	9.8	1426	CTCGAGTCGGCCACATTAACC
CL7Contig420	101	1.7	173	GCCACATTAGAAGCTCGAGTCG
CL7Contig423	116	1.7	202	CCACATACTAACCTCGAGTCGG
CL7Contig429	96	3.4	324	CCGACTCGAGCGTAGTCATGTGG
CL7Contig429	96	3.4	324	ATGTGGCCGACTCGAGTGATGG
CL7Contig429	96	3.4	324	CCGACTCGAGGTAGGCATGTGGCCGACTCGAGTTGATGATGTGG
CL7Contig433	152	2.3	345	CTCGAGTCGGCCACATCCCACC
CL7Contig435	148	2.6	391	ATGACGAGTGAGGAAGGCAGGAAAACA
CL7Contig440	101	2.2	222	GCCACATGTACGCCTCGAGTCG
CL7Contig449	113	1.5	172	ACTCGAGATCAAATGTGGCCG
CL7Contig449	113	1.5	172	AAATGTGGCCGACTCGAGATTCATATGTGCCGACTCGAGGCAT
CL7Contig453	118	1.7	201	CGCCACATCACGGCCTCCAGT
CL7Contig459	127	1.6	197	ATGTGGCCGACTCGAGTCTTC
CL7Contig463	144	8.9	1287	GCCACATATAAATCTCGAGTCG
CL7Contig463	144	8.9	1287	GCTCGAGTCGGCCACATACCCA
CL8Contig4	179	54.6	9770	CCTCTACCCTTTCCTACCTCTAGTC
CL8Contig4	179	54.6	9770	CCTCTACTCCTTTCCTACCTCTGTGCCCATGCACCCCTTTCCTA
CL8Contig4	179	54.6	9770	TCTACCCTTTTCCTACCTCTAGTCCT
CL8Contig5	482	72.2	34791	CTGAGGTCCCTCTACCCCTTTCCTACCT
CL8Contig5	482	72.2	34791	CTGAGGTCCCTCTACTCCTTTCCTACCTCTGTGGCCCATCTACCCCTTTCCTACCT
CL8Contig5	482	72.2	34791	CCCTTTCCTACCTCTGTGGCCCTCTACCCCTTTCCTACCTCTGAGGTCCCTCTACTCCTTTTCTACCTCTGTCCCATCTACCCCTTTCCTACCTCTGACCTACCTATA
CL8Contig6	109	3.1	337	AGAGGTAGGAAAGGGGTAGAGGGGCCAC
CL8Contig7	293	682.7	200023	AGAGGTAGGAAAGGGTAGAGGGCCAC
CL8Contig9	134	1.8	246	CCCTTTTCTACCTCTAGTCCCTCTA
CL8Contig10	218	294.7	64234	AGAGGTAGGAAAGGGGTAGAAGGGCCAC
CL8Contig18	154	10.8	1666	AGGGGTAGAGGTGCCACAGAGGTAGGAA
CL8Contig20	115	1.7	196	AGAGGTAGGAAAGGAGTAGAGGAC
CL8Contig22	264	87.4	23065	TACCCCTTTCCTACCTCTGTGGCACCTCTACCCCTTTCCTACCTCTGAGGTCCCTCTACTCCTTTCCTACCTCTGTGGCCCATG
CL8Contig22	264	87.4	23065	TGTGGCCCTCTACCCCTTTCCTACCTC
CL8Contig23	149	77.9	11601	GGGTAGAGGGCCACAGAGGTAGGAAAG
CL8Contig25	154	7.7	1185	CAGAGGTAGAAAAGGAGTAGAAGGACCT
CL8Contig25	154	7.7	1185	GGTAGAAAAGGAGTAGAAGGACCTCAGAGGTAGGAAAGGGGTAGAGGG
CL8Contig25	154	7.7	1185	GGTAGAAAAGGAGTTAGAGGG
CL8Contig26	162	4.5	725	CTGAGGTCCCTCTACCCCTTTCCTACCT
CL8Contig29	281	38.8	10910	CCTTTTCTACCTCTGAGGTCCCTCTACT
CL8Contig29	281	38.8	10910	CCCATGTACCCCTTTCCTACCTCTGT
CL8Contig29	281	38.8	10910	GCCCATGTACCCCTTTCCTACCTCTGAGGTCCCTCTACTCCTTTTCTACCTCTGT
CL8Contig31	284	182.7	51893	AGAGGTAGGAAAGGAGTAGAGGGCCAC
CL9Contig1	149	60.4	8998	GAA
CL9Contig3	136	7.0	955	TCT
CL9Contig3	136	7.0	955	TCTTCTTCTTCTTCTTC
CL9Contig5	115	22.8	2617	CTC
CL9Contig6	121	18.1	2188	GAA
CL9Contig16	167	16.4	2737	TCT
CL9Contig17	134	18.1	2419	GAA
CL9Contig24	120	14.8	1775	GAA
CL9Contig25	101	1.8	184	TCT
CL9Contig29	154	18.6	2865	TCT
CL9Contig30	196	104.5	20486	GAA
CL9Contig35	178	17.0	3025	AGA
CL9Contig37	116	1.9	222	AGA
CL9Contig37	116	1.9	222	AGGAGAAGAAGA
CL9Contig44	207	35.0	7245	TCT
CL9Contig44	207	35.0	7245	TCTTCTTCTTCTTCTTC
CL9Contig49	118	3.4	407	GAA
CL9Contig57	214	31.9	6823	TCT
CL9Contig58	134	7.1	953	GAA
CL9Contig60	109	3.9	422	TCT
CL9Contig64	131	10.2	1334	AAG
CL9Contig84	215	11.6	2486	TCT
CL9Contig85	106	3.1	327	GAA
CL9Contig87	219	323.0	70735	TCT
CL9Contig90	118	3.8	454	TCT
CL9Contig93	106	2.4	256	GAA
CL9Contig94	111	2.8	308	TCT
CL10Contig37	119	18.5	2197	ACAGGAACAGGAACAAACACTCTGTGA
CL10Contig42	114	3.5	400	TCTAT
CL10Contig51	251	16.4	4105	ATGTGGTGTAGTAGTTAAGAGCGGTAGACTCGTA
CL10Contig65	263	26.7	7020	AAGGGATTTTCACTTGC
CL10Contig89	166	34.0	5648	GAGAGTATCT
CL11Contig9	89	4.0	352	CA
CL11Contig77	204	4.6	946	TCAA
CL11Contig78	483	59.7	28843	CTACCCCACTCACACATGAAAACAAAGATCACCACAGCCAACAACAAATGAACAACCACACCCCAGGCCAACCCCAACCTCTCTCACCACAAAAGGAACACAAGCGAACAGCAGAGAAC
CL12Contig82	173	6.0	1032	AAATC
CL12Contig100	130	6.9	901	AAAT
CL12Contig124	221	32.2	7127	GCCACATCGGGACCTCGAGTCG
CL13Contig16	221	63.2	13972	TCCTCATTTTCCTGCCT
CL14Contig1	268	1205.2	323007	GGTGGCGGCTCTGAG
CL14Contig1	268	1205.2	323007	GGCGGTTCCGAGGGTGGCGGCTCTGAGGGA
CL14Contig2	134	8.1	1086	TGAGGGTGGCGGTTC
CL14Contig3	115	3.9	447	GCGGCTCTGAGGGAG
CL17Contig10	102	12.0	1225	TTTTTAATTT
CL17Contig10	102	12.0	1225	TTTTTTAA
CL17Contig10	102	12.0	1225	TTTTTAATTTTTTTTAAT
CL17Contig10	102	12.0	1225	ATTTTTTATATTTTTTTA
CL17Contig10	102	12.0	1225	TTTTTAATTTTTTTTAATTTTTTAATATTTTTTTAAAT
CL17Contig40	238	57.0	13566	TGTTT
CL18Contig71	129	5.4	703	AATCATAG
CL20Contig6	281	49.0	13760	GAAGCTGAGACTCCAATACTTTGGCCACCTCATGA
CL20Contig6	281	49.0	13760	GAAGCAGAGACTCCAATACTTGGCCACCTCATGA
CL20Contig7	147	2.9	426	CTTCCAGTGAGCA
CL21Contig5	104	19.9	2067	AATCATAG
CL21Contig9	200	121.2	24235	TCTATGAT
CL21Contig11	109	13.8	1507	GA
CL21Contig14	122	4.1	495	GA
CL21Contig18	120	10.5	1263	GA
CL21Contig19	103	6.6	677	TCTATGAT
CL21Contig21	115	16.1	1847	TCTATGAT
CL21Contig22	120	11.4	1370	GA
CL21Contig23	170	39.6	6733	CATAGAAT
CL21Contig36	199	11.0	2181	GA
CL21Contig37	134	12.3	1654	TCTATGAT
CL21Contig38	257	101.1	25975	AATCATAG
CL23Contig50	164	14.1	2305	AGGCTTCTGGAAGGCTGCACG
CL25Contig20	156	20.3	3169	GAAAATAAGCCATACCCC
CL25Contig42	140	3.0	420	TGCATGCACACTTCACAACAGATA
CL25Contig45	101	5.6	562	TTA
CL29Contig9	268	21.7	5822	GATGAGCCTATGGAAAAACGCCA
CL29Contig24	161	4.2	669	ATGTGGCCGACTCGAGATGTG
CL29Contig53	110	1.5	169	CTGAGGTTACAATGTGGCTGGCGTTTTTCGA
CL30Contig3	165	1.8	298	ATGTGGCCGACTCGAGTTCATA
CL30Contig3	165	1.8	298	ATGTCGCCGATCGAGGTTATA
CL30Contig61	190	15.7	2980	CCGACTCGAGAGCTCGTCATGTGG
CL30Contig61	190	15.7	2980	GATGTGGCCGACTCGAGCCGTC
CL31Contig34	275	24.8	6817	ATCCAGCCCAATCGCCTTCTAA
CL31Contig37	343	93.1	31917	CTGCCTGGTGTTTTTACATGAGTAGAATGTGTCCTTTTATTTAAAATGCATCTCTGGGTTATTTGTGGGGC
CL31Contig59	254	21.9	5566	GTGTTTTTACATGAGTAGAATGTGTCCTTTTATTAAAATGAGTCTCTGGGTTATTTGTGGGGCCTGCCTG
CL32Contig3	258	18.2	4703	ATT
CL32Contig5	151	6.4	959	ATT
CL32Contig15	206	14.4	2967	AAAATTCGTAAGTCG
CL32Contig15	206	14.4	2967	AAATTCGTAAGTCG
CL32Contig27	103	7.1	734	TGTTTAAGATTGTGGGTGAGGAGT
CL32Contig32	121	7.5	904	ATA
CL32Contig58	101	1.6	163	TAA
CL32Contig62	122	2.9	348	ATT
CL32Contig64	255	28.0	7151	ATG
CL32Contig65	155	1.9	300	TTG
CL32Contig72	82	1.7	136	TAT
CL32Contig73	466	32.9	15343	CAATCTTAAACAACCTCACC
CL32Contig77	144	3.6	518	ATT
CL32Contig80	140	15.8	2208	GTAT
CL32Contig81	143	3.6	515	TAC
CL32Contig82	164	4.5	735	GAA
CL36Contig21	280	23.0	6442	TGTTTTTGTAGTTGTTT
CL36Contig21	280	23.0	6442	TATTC
CL36Contig24	175	9.3	1625	TGTATGGTTTTAATCAGTG
CL36Contig31	148	13.7	2034	TCTAT
CL37Contig37	146	2.7	394	TCGGCCACATCACACCCTCGAG
CL39Contig1	109	7.5	822	AATGGAATCGAATGGAATCATCG
CL39Contig1	109	7.5	822	ATCGAATGGAAT
CL39Contig2	153	128.3	19635	ATGACGATTCCATTCGATTCCATTTGATGATGATTCCTTTGAATTCCATTTG
CL39Contig2	153	128.3	19635	ATGATGATTCCATTCGATTCCATTTG
CL39Contig3	103	12.3	1263	AATCACCGAATAGAATCAAATGGAAC
CL39Contig4	183	6.7	1224	TAGAATCATAGAA
CL39Contig4	183	6.7	1224	GAATCATCGAATGGAATCGAATG
CL39Contig4	183	6.7	1224	GAATCATCGAATG
CL39Contig6	401	37.0	14848	ATCATCGAATGGAATCGAATGGAATC
CL39Contig6	401	37.0	14848	AATCATCAAATGGAATCGAATGGAATCATCATCGAATGGAATAGAATGGAATCATCGAATGGAATCGATGG
CL39Contig6	401	37.0	14848	GAATGGAATCATCAAATGGAATCGAATGGAATCATCGAATGGAATC
CL39Contig6	401	37.0	14848	TCATCAAATGGAATCAAATGAAA
CL39Contig7	334	54.4	18173	CCATTCGATTCCATTAGATGATT
CL39Contig7	334	54.4	18173	CCATTCAATTCCATTAGATGATGATTCCATTCGATTCTATTCGATGATT
CL39Contig7	334	54.4	18173	ATGATTCCATTAGATTCCATTTGATG
CL39Contig8	101	2.0	199	GAATGGAATCATCTAATGGAATC
CL39Contig8	101	2.0	199	GAATGGAACAGTCAATGAACTCGAATGGAATCACCATTGAATAGAATC
CL39Contig9	186	21.4	3982	TGGAATCGAATGGAATCATTGAA
CL39Contig9	186	21.4	3982	TGGAATCGAATGGAATCATTATTGAA
CL39Contig9	186	21.4	3982	TGGAATCGAATGGAATCATCGAATGGACTCGAATGGAATCATTATCAAA
CL39Contig9	186	21.4	3982	CATCGAATGGAATCGAATGGAATCATCGAATGGACTCGAATGGAACAT
CL39Contig10	253	67.6	17091	ATGATTCCATTCGAGTCCATTCGATG
CL39Contig10	253	67.6	17091	TGATGATTTCATTCGAGTCCATT
CL39Contig10	253	67.6	17091	ATGATTCCATTCGATTCCATTTGATGATGATTCCATTCGAGTCCATTCG
CL39Contig10	253	67.6	17091	GATGATTCTATTCGAATCCATTTGATGATTCCATTTGATTACATTCGATGATGATTCCATTCGAGTCCATTC
CL39Contig10	253	67.6	17091	ATGATTCCATTCGAGTCCACTCA
CL39Contig11	172	107.1	18422	TCGAATGGAATCATCATCAAATGGAA
CL39Contig11	172	107.1	18422	ATCAAATGGAATCAAAAATAACCATC
CL39Contig12	355	101.9	36185	TGGAATCATCTAATGGACTCGAATGGAATCATCATTGAATGGAATCGAA
CL39Contig12	355	101.9	36185	GAATCATCATCATATGGAATCGAATGGAATCATCGTATGGACTCGAATGGAATCACCAGAGAATAGAATCAAATGGAATCATCAAATGGAATCGAATG
CL39Contig12	355	101.9	36185	TGGAATCAAATGGAATCATCTAATGGACTCGAATGGAATCACCATCGAATAGAATAGAATGGAATCATCGAATGGAATCCAAAGGAATCATCACCAAATAGAATCAAAAGAAATCATCGTATGGACTCGAATGTAATCATCAGAGAC
CL41Contig146	121	1.7	201	CATGTGGCCGACTCGAGTATAG
CL43Contig1	103	3.8	388	GAA
CL43Contig3	128	26.0	3324	TCT
CL43Contig3	128	26.0	3324	CTCTTCTTCTTCTTCTT
CL43Contig3	128	26.0	3324	TCTTCTTCTTCTTC
CL43Contig8	299	230.8	69024	AAG
CL43Contig8	299	230.8	69024	AAGAAGAAGAAGAAGAG
CL43Contig10	116	4.9	573	AAG
CL43Contig11	190	55.0	10449	AAG
CL43Contig13	104	1.8	186	GAA
CL43Contig14	117	6.6	767	TCT
CL43Contig16	152	56.0	8515	TCT
CL47Contig2	439	231.7	101726	TGAGGGTGGCGGTTC
CL47Contig3	52	2.8	144	CGGCTCTGAGGGTGG
CL47Contig5	131	2.4	318	CTGGCGGCGGCTCTGAGGGTGGTT
CL47Contig5	131	2.4	318	CTGGTGGCGGCT
CL47Contig5	131	2.4	318	GGTGGCGGCTCTGAG
CL49Contig11	143	3.7	532	GGTTACAGACACTTCA
CL49Contig21	101	3.3	334	TCAGGTTACAGACACT
CL49Contig27	157	10.2	1594	GTCTGTAACCTGAAGC
CL49Contig32	101	3.9	393	AAT
CL49Contig33	152	6.8	1029	TCGGGTTACAAACACC
CL49Contig37	207	42.1	8712	TTAACCTGAAGCGTAC
CL51Contig3	398	243.4	96860	CAGTGGAGTCCG
CL53Contig6	264	206.4	54500	AAATTGAGAGTATCTGGGTCAAAATTAAGGGAGAGAAAAATAACAG
CL57Contig10	129	13.5	1736	AAAGCCCCATTTTTTTGAGGATCAGCTAAAATTTCTGCAGCGTCTTTTGCAAAGGAGA
CL57Contig16	485	59.3	28766	TTTTCCCTTTGCAAAAGAAGCTGCAGAAATTTGAGCTGATCCTCAAAAAATTGGGGC
CL61Contig1	169	12.3	2087	AAATCGGATTTTTTTGATTT
CL61Contig2	106	28.8	3048	AAATCAATTTTTTTTTATTT
CL61Contig3	100	3.6	362	AAATCAGATTTTTTTTTATTT
CL61Contig9	78	1.9	146	AAAAATCCAATTTAAATTAA
CL61Contig15	113	2.7	302	ATTTAAATTAGATTTTTAAA
CL61Contig17	171	8.0	1369	TGGTTATTAAGGAAA
CL61Contig18	379	91.4	34627	AAAAATCCAATTTAATTTAA
CL61Contig18	379	91.4	34627	TTTAAAAAAATCGTGATTTTT
CL63Contig6	377	130.4	49146	ACTCGAGTGAACTATGTGGCCG
CL63Contig6	377	130.4	49146	CT
CL66Contig3	278	15.6	4336	TTA
CL66Contig7	124	2.4	302	TAT
CL66Contig8	192	55.0	10559	TGT
CL66Contig11	141	15.2	2150	TTA
CL66Contig13	197	18.0	3544	TAT
CL66Contig18	213	24.1	5133	AGAGCATAATAATAGACAGCATAATAAT
CL66Contig18	213	24.1	5133	AGCATAATAATAGA
CL66Contig20	111	4.2	465	ATA
CL66Contig25	121	2.1	255	TTA
CL66Contig26	81	1.8	145	ATA
CL75Contig6	435	47.0	20444	ACTCGAGATGACTATGTCCG
CL75Contig6	435	47.0	20444	TATGTGCCGACTCGAGTGACC
CL83Contig2	250	17.2	4309	TTTTCTTTTCTTT
CL84Contig1	167	70.1	11715	AATTTCTCACAGAAC
CL84Contig9	400	20.4	8149	ACTCGAGTGAGGGATGTGGCCG
CL93Contig9	157	6.9	1080	CA
CL104Contig1	161	15.6	2517	AAAACAAACAAAC
CL104Contig1	161	15.6	2517	AAAACAAAACAAACAAAC
CL104Contig1	161	15.6	2517	CAAACAAACAAAACAAAACAAC
CL105Contig1	101	1.6	165	CCAGTGATCTA
CL105Contig2	157	9.2	1448	CCAGTGATCTA
CL105Contig9	177	10.1	1786	CCAGTGATCTA
CL122Contig1	136	16.9	2302	TC
CL122Contig5	209	11.2	2348	GA
CL125Contig1	114	9.9	1124	GGTCAAGAAACCAGAAATCCGTAGTCACAGTCCAAG
CL125Contig3	196	191.8	37601	CACGAAGTCACAGTCCGAGGGTCAAGAAGCCAGAAA
CL133Contig1	168	83.0	13946	AAGAAAAAGGAAAGAA
CL137Contig1	310	132.9	41211	TCAT
CL137Contig3	117	12.8	1498	TGAA
CL152Contig7	139	12.0	1672	AAAATAGA
CL153Contig1	103	33.6	3459	CTCT
CL153Contig2	132	14.3	1892	AG
CL153Contig4	100	6.8	680	CT
CL153Contig5	120	16.6	1991	CT
CL153Contig6	93	16.8	1562	CT
CL153Contig8	75	2.7	200	CT
CL153Contig8	75	2.7	200	TG
CL153Contig9	101	5.3	531	CT
CL153Contig10	64	5.3	342	CT
CL153Contig11	126	14.2	1784	AG
CL153Contig12	81	4.4	357	AG
CL153Contig13	101	1.6	166	TC
CL153Contig14	166	36.6	6077	AG
CL153Contig15	110	4.3	474	CT
CL153Contig15	110	4.3	474	TG
CL153Contig16	150	13.3	2001	AC
CL153Contig16	150	13.3	2001	AG
CL153Contig17	201	20.5	4117	AG
CL163Contig1	120	11.5	1381	AGAT
CL163Contig2	148	7.7	1145	AGAT
CL163Contig4	212	136.9	29025	TCTA
CL175Contig1	219	24.4	5333	CGTTGCACTTGTACAA
CL175Contig4	131	4.5	590	TGTGTGTGTTGTGCTGCTTTTTGTTTTGTTTG
CL175Contig4	131	4.5	590	TGTGTGTGTATGTGTGGCTGTTTTTTGTT
CL175Contig8	237	28.7	6804	TGTC
CL175Contig11	220	27.9	6135	TTATC
CL184Contig3	114	13.0	1485	AGAAGAAAAAAA
CL187Contig2	162	17.6	2858	ACAAAAAGAAATCC
CL187Contig2	162	17.6	2858	AAGAAATCCACAAAATAACAAAACAGAAATCCACAAA
CL187Contig2	162	17.6	2858	ACAAAACAGAAATCCACAAAATA
CL190Contig1	456	76.8	35006	TTTC
CL190Contig1	456	76.8	35006	TCTTTCTTTCTTTC
CL190Contig1	456	76.8	35006	TCTTTCTTTCTTTCTTTC
CL203Contig1	259	127.9	33135	ATTCC
CL203Contig1	259	127.9	33135	CATTCCATTTCATTCCATTCCATTCCACTTTTATTGGTTCCATTCCATTGCATTG
CL203Contig1	259	127.9	33135	ATTCCATTTCATTCCATTCCATTCATTCCACTTTTATTGGTTCCATTCCATTGCATTGC
CL203Contig2	100	1.6	164	TGGAA
CL213Contig6	192	32.9	6308	TGGCTTCCCACAGCTTATCCCGATGAACTTCCGCCTGCCTCATCTCAGTCTTCCCCCGCTCCCGTTTTCACC
CL214Contig1	101	5.3	534	CTTAAACCAAAGCGTT
CL215Contig3	105	15.3	1605	CAACAGCTATAGTTGATGTTCCAACTGAGAGTTTGGAA
CL215Contig3	105	15.3	1605	CAACAGCTATAGTTGATGTTC
CL222Contig1	397	76.0	30154	AAAAC
CL226Contig1	358	86.3	30899	ATC
CL231Contig1	159	12.7	2012	CAACCGTTTTGGATTA
CL231Contig4	229	39.5	9046	CAACCGTTTTGGATTA
CL232Contig1	276	111.7	30817	TGTGTATGTGTC
CL234Contig1	276	107.3	29619	TCATA
CL249Contig1	374	75.9	28404	CCGACTCGAGATTGGGATGT
CL273Contig1	100	2.0	200	TGAT
CL273Contig3	313	45.3	14184	TGAT
CL274Contig2	194	37.9	7357	CT
CL274Contig5	111	26.6	2955	AG
CL280Contig2	122	10.6	1293	AAT
CL280Contig3	109	9.9	1079	TTTTTTATT
CL280Contig4	141	6.9	973	AAAT
CL280Contig4	141	6.9	973	AAATAAATAAAAAAT
CL280Contig9	114	9.2	1053	TTTTTAATTTTTAATTT
CL280Contig10	151	21.9	3309	TTAAAATAAAAAAA
CL280Contig11	137	22.6	3102	AC
CL280Contig13	121	3.9	476	AAAATGAAAAAATAATAAA
CL280Contig14	154	12.7	1963	TAAAAAAT
CL280Contig14	154	12.7	1963	AAAAAAATTAAAAAATTA
CL280Contig14	154	12.7	1963	AAAAAAATATAAAAAATTA
CL280Contig14	154	12.7	1963	AAAATTAAAAA
CL280Contig15	130	7.5	973	AAAATAAA
CL280Contig15	130	7.5	973	AAAATTAA
CL280Contig16	109	3.5	383	AAATAAAAATAAAAAAT
CL280Contig16	109	3.5	383	AAAATAA
CL295Contig1	114	35.5	4051	GT
CL295Contig2	174	9.0	1564	CA
CL295Contig3	104	2.1	214	CA
CL295Contig4	112	4.2	476	GT
CL308Contig13	274	42.1	11546	TTTAGATGCGGTTTCCTCGACTTACAAAT
CL312Contig1	371	65.1	24159	ATACTAAATCCACAG
CL362Contig5	338	18.2	6157	GA
CL385Contig3	70	3.4	235	AACAAAAAACAAAAACA
CL385Contig3	70	3.4	235	AAACAAAAAAAAC
CL410Contig1	218	100.8	21975	GCCACATGTCCACCTCGAGTCG
CL431Contig1	200	104.0	20793	TTTCCCAATCAGAAGGTGTCGA
CL455Contig2	129	18.1	2339	AAAC
CL455Contig3	119	7.9	935	GTTT
CL455Contig4	236	54.0	12751	GTTT
CL455Contig5	150	6.8	1026	TCAAACAAACAAACAA
CL484Contig1	305	63.0	19210	AAATTTCCTAATCAATTTATTCTCTTTGCATATGAGGCTTTTTAAAAATAATCAAGCAGTGTAT
CL489Contig1	241	73.6	17739	GACTCGAGATGTCCATGTGGCC
CL489Contig1	241	73.6	17739	GACTCGAGATGCGCATGTGGCC
CL500Contig1	310	60.0	18604	ACAACAGCAAC
CL504Contig1	117	6.2	731	TAATTTGGAATG
CL504Contig3	116	3.0	348	AGAACAAAAACA
CL526Contig1	317	55.6	17610	GGCCACATGTACATCTCGAGTC
CL532Contig1	259	66.3	17168	TATACACACACACA
CL543Contig3	101	9.0	914	TGATTTAAATCACTAGTCAGTAAGACT
CL543Contig4	125	5.7	715	GATTTAAATCAC
CL543Contig5	124	10.3	1283	TTTAAATCGTT
CL543Contig6	182	67.1	12210	ATTTAAATCAAGCCTTACTGACTAGTG
CL549Contig2	100	1.8	180	ACA
CL581Contig5	208	3.2	661	ATA
CL594Contig3	193	55.0	10621	TCTAGGATTCTATGGT
CL600Contig1	324	51.3	16627	CACATACACACCTCGAGTCGGA
CL600Contig1	324	51.3	16627	CTCGAGTCGGCACATCCAAAT
CL607Contig1	401	40.9	16401	GGTTAG
CL607Contig2	73	1.9	138	GGTTAG
CL619Contig3	224	54.8	12274	TATAATCTTAATAATTTATCATAATCT
CL627Contig1	289	52.5	15162	TCGAGTCGGCCACATAAACCGAC
CL645Contig1	290	54.9	15908	GGCCACATGTCCACCTCGAGTC
CL663Contig1	312	47.7	14871	GCCACATACTACCCTCGAATCG
CL664Contig2	221	17.8	3941	GATT
CL701Contig1	102	6.9	701	TAGAA
CL720Contig3	257	39.8	10239	ACTCGACCTACTAAGGTTTACATAGGGTTT
CL721Contig1	359	40.6	14574	ACTCGAGACTGAAATGTCCCG
CL727Contig1	122	13.9	1691	TTC
CL754Contig2	275	49.0	13474	TGTCAGCTGATAATTG
CL768Contig1	283	50.1	14173	GCCACATGAAGCACTCGAGTCG
CL771Contig1	138	11.5	1585	AC
CL771Contig2	195	27.4	5346	AC
CL781Contig3	251	48.4	12158	ACTCGAGGTACATATGTGGCCG
CL781Contig3	251	48.4	12158	ATGTGGCCGACTCGAGGGGCAC
CL782Contig1	197	66.6	13128	CTT
CL831Contig1	252	53.3	13429	CTCGAGTCGGCCACATAAACGC
CL882Contig1	407	25.0	10166	TTGTTTGAAATAGTTTCAGATGGAA
CL892Contig1	223	55.3	12338	TC
CL897Contig2	255	43.8	11157	AGA
CL904Contig1	161	32.6	5245	GT
CL904Contig2	274	23.3	6378	AC
CL908Contig1	167	57.8	9654	TTGTATTTTTTAATA
CL908Contig2	159	10.4	1657	TTG
CL908Contig3	120	1.4	172	TCTTGTATTTTTTAA
CL908Contig3	120	1.4	172	TTGTATTTTTTAATA
CL920Contig1	281	41.6	11695	CTT
CL930Contig1	200	59.5	11909	TATC
CL930Contig1	200	59.5	11909	TATCTATCTATCTATCTATCTATCTA
CL945Contig2	228	44.9	10228	ATACATGCATAA
CL957Contig1	153	2.9	451	AG
CL957Contig2	261	42.8	11181	TC
CL965Contig1	228	51.4	11724	ACTCGAGGTATGGATGTGGCCG
CL999Contig1	123	20.5	2517	AGAA
CL1019Contig1	189	56.7	10717	CAGAGTAGACTAA
CL1028Contig1	272	40.6	11053	GAGGAAGGCAGGAAAAT
CL1053Contig1	154	63.1	9715	AGAT
CL1053Contig1	154	63.1	9715	ATAGATAGATAGATAGATAGAT
CL1053Contig1	154	63.1	9715	ATAGATAGATAGATAGATAGATAGAT
CL1155Contig1	221	44.6	9852	AAACAACAATACAA
CL1235Contig1	199	49.4	9838	TAC
CL1255Contig1	265	34.2	9067	AAATGTAATAGTAATG
CL1255Contig1	265	34.2	9067	TTAAATTTGATA
CL1271Contig2	260	18.4	4772	TC
CL1313Contig1	399	21.6	8624	GCCACATGACCACCTCGAGTCG
CL1314Contig1	255	32.9	8397	CCGACTCGAGACTAGTATGTGG
CL1325Contig1	184	47.4	8714	TCA
CL1348Contig1	344	23.3	8028	AAC
CL1348Contig1	344	23.3	8028	TC
CL1380Contig1	219	33.8	7401	CCCCAACCTCTTATCTCTGTG
CL1380Contig1	219	33.8	7401	TGTGCCCCAATCCCTTATTTCCACGCCCCAACCTCTATATCTC
CL1380Contig1	219	33.8	7401	CCCAATCCCTTATTTCCGACCCCAACCTCGTATCTCTGTGCCCCAATCCCTTATTTCCACGCCCCAACCTCTTATATCTCTGCAC
CL1441Contig1	174	47.6	8289	TTTTATCAGT
CL1441Contig1	174	47.6	8289	TTTTATCAGTTTTCACTAGT
CL1448Contig1	101	6.0	607	ATGATTGTGGTATCATGATTCC
CL1448Contig2	154	9.4	1446	ATCATGATTTCATGATTGCGGG
CL1448Contig2	154	9.4	1446	TGTGGGATCATGATTTCATGATTGTGGAATCATGGTTTCATGAT
CL1448Contig2	154	9.4	1446	TGGTTTCATGATTTCATGATTACGGAATCA
CL1448Contig2	154	9.4	1446	TTCATGATTGCGGGATCATGATTTCATGATTATGGAATCATGAGTTCATGAG
CL1448Contig2	154	9.4	1446	TCATGAGTTCATGATTGTGGGA
CL1448Contig2	154	9.4	1446	TCATGAGTTCATGATTGCGGGATCATGGTTTCATGATTGTGGTATCATGATTTCATGATTATGGAATCATGAGT
CL1448Contig3	288	17.1	4924	TCATGAAATCATGATACAGCAA
CL1448Contig4	171	5.1	876	CATGAGTTCATGATTGTGGGAT
CL1480Contig1	220	36.8	8100	GACTCGAGGGTAAGATGTGGCC
CL1483Contig1	151	50.7	7662	CCAGGCCAATACTACAGGATTTTACCTATATCATCAATAT
CL1483Contig1	151	50.7	7662	CCAGGCAAATACTACAGGATTTTACCATATCATCAATATCCAGGCCAATACTACAGGATTTTACCGTATCATCATCAATAT
CL1485Contig1	263	30.4	7993	AAGTCCATGCAGTAGTTGGCTTTTAGTCTATCAGTAACT
CL1491Contig1	301	26.7	8028	ATAATTGT
CL1491Contig1	301	26.7	8028	ATAATTGTAAACTGTAAAATCATAATTGT
CL1509Contig4	144	5.6	801	AAAT
CL1509Contig4	144	5.6	801	AAATAAATAAAC
CL1626Contig2	283	12.8	3624	TC
CL1649Contig1	203	35.4	7182	AAG
CL1649Contig1	203	35.4	7182	AGAAGAAGAAGAAG
CL1660Contig1	225	29.3	6601	GAAGCCGAGGTCAGGATCAAGCCAGGAGTCAGAAGCCGAAGTCAC
CL1660Contig1	225	29.3	6601	AAGCCGAGGTCAGGATCAAGCCAGGAGTCAGAAGCCGAAGTCACA
CL1660Contig1	225	29.3	6601	AGGAAGCCAGGAGTC
CL1674Contig1	311	21.1	6548	TAA
CL1675Contig1	226	28.6	6461	TCTG
CL1678Contig1	278	25.8	7166	TCAAAAACAACAA
CL1678Contig1	278	25.8	7166	AAC
CL1678Contig1	278	25.8	7166	AACAACAAACAACAACAAC
CL1690Contig3	168	5.7	955	ATAAG
CL1704Contig4	226	9.6	2173	TCTGGAACGGATTAA
CL2288Contig1	105	11.3	1186	CTT
CL2288Contig2	125	31.6	3952	CTT
CL2738Contig1	139	15.8	2198	TAGA
CL2738Contig2	139	16.0	2230	TCTA
CL2938Contig1	121	32.7	3952	GATATGGATATTA
CL3318Contig1	198	14.7	2908	CCAAATCTCTGTACTCAACTGA
CL3378Contig3	114	2.6	293	TAAA
CL4408Contig1	154	15.4	2377	ATATATAGAAAAAAGAAAAA
CL4408Contig1	154	15.4	2377	ATAGAAAAAAGAAAAAAGAA
CL4788Contig1	139	5.2	720	TTA
CL4788Contig2	185	7.1	1321	ATA
CL4998Contig1	172	11.5	1979	TCTA
CL6248Contig1	117	6.7	785	ATTCT
CL6248Contig2	145	5.8	836	AATAG
CL6578Contig1	153	8.6	1312	ACTGCCTCCAAATCT
CL7438Contig1	172	6.7	1145	GTTG
CL7438Contig1	172	6.7	1145	TTTA
CL8138Contig1	181	5.4	982	CGTTTGTTCAAT
CL8228Contig1	159	7.2	1142	TGCGAGTTTTGTCGTCT
CL8318Contig1	109	9.3	1019	GTTACGACGAAGTAGATGCAAA
CL8388Contig1	123	8.4	1037	TCTT
CL8878Contig1	166	5.4	899	TATAGGGGGCATGCCT
CL9268Contig1	117	6.9	813	AAAGAAGAAGATTGAAAAAA
CL9268Contig1	117	6.9	813	AAGAAGTTGAAAAAAAAAGAAG
CL10228Contig1	132	5.5	728	TTTGCAATGGATC
CL10858Contig1	141	4.9	697	ACTTGGATTTTGA
CL11048Contig1	77	6.9	532	ATAA
CL11198Contig1	103	5.7	584	GTT
CL11978Contig1	76	5.7	435	ACAAACA
CL12068Contig1	101	6.5	653	TCTT
CL12218Contig1	145	3.4	492	TAC
CL12348Contig1	123	3.8	463	AAATAGTG
CL12378Contig1	80	3.7	294	TG
CL12928Contig1	74	5.3	391	TG
CL13408Contig1	120	3.8	461	GGAA
CL13448Contig1	101	3.7	371	TAT
CL13468Contig1	114	3.7	426	TAT
CL14258Contig1	101	4.1	417	AGAACAAATC
CL2659Contig1	167	23.1	3854	AAG
CL2659Contig2	101	1.9	190	CTT
CL3079Contig1	373	9.4	3518	TTCCCACAATTCTTAGGAAGAAGTCATGGC
CL3299Contig1	168	18.6	3126	ATCTA
CL3479Contig1	168	19.1	3201	TCAA
CL3689Contig1	266	11.1	2952	ATTTAAGAAATAAACG
CL4399Contig1	164	14.9	2440	TTTGAGAAGTGGAGTAGAC
CL4969Contig1	137	13.9	1903	CT
CL5369Contig1	154	12.1	1861	TAT
CL6689Contig1	104	7.7	803	GGTTAG
CL6689Contig1	104	7.7	803	GGTTAGGGTTGGGTTAG
CL6689Contig2	141	3.5	495	AGGGTT
CL6849Contig1	164	8.5	1386	TTGT
CL6899Contig1	225	5.8	1297	ATATATCCCCTTATGTAAAGGTTTTTAAAATCTC
CL7639Contig1	135	7.5	1019	CCCTAA
CL7729Contig1	101	5.1	518	TAG
CL7729Contig2	117	5.1	599	TAG
CL10529Contig1	164	4.3	706	GTTTGATTATGTATATAT
CL10589Contig1	147	4.5	657	AAC
CL10629Contig1	140	5.7	791	TGGTCATCCTC
CL10699Contig1	109	5.5	603	GA
CL11469Contig1	155	4.1	641	AC
CL12189Contig1	135	4.4	596	ATT
CL12689Contig1	125	3.6	451	AATC
CL13209Contig1	101	6.0	606	TTTTCGACTTACGAA
CL13359Contig1	100	3.7	374	AAC
CL13969Contig1	142	3.0	421	TTGA
CL14449Contig1	83	2.6	216	TGTATTTTGTATTGTGTAT
CL14539Contig1	147	3.4	494	TCACATCCTGTTCTAGGTATTCAGA
CL14579Contig1	144	2.7	390	TTAAAATGGACCATATAATGAACA
CL2260Contig1	217	24.6	5328	AAAATT
CL2370Contig1	148	34.7	5131	GATA
CL2430Contig3	123	4.0	496	TCCTAGCTATCATA
CL2450Contig1	162	25.7	4166	TTTATCTTTTTACTTTA
CL2600Contig1	79	37.4	2955	AGAT
CL2990Contig1	257	14.5	3739	AC
CL3300Contig1	171	19.2	3285	ATCT
CL3340Contig1	229	14.0	3204	ATGTGGCCGACTAGAGCTTTG
CL3340Contig1	229	14.0	3204	AAAAC
CL3500Contig1	165	19.9	3291	ACAATAAAAAATACAATAC
CL4920Contig1	76	2.2	170	GT
CL4920Contig2	106	5.2	552	GT
CL4920Contig3	67	7.0	470	GT
CL4920Contig4	100	2.9	290	GT
CL5060Contig1	123	14.7	1812	GTTGTCTTGTTTGGTTTGTTTG
CL5270Contig1	145	12.9	1867	AAC
CL5450Contig1	162	6.8	1098	AC
CL5500Contig1	129	12.0	1551	TTTTTGTTTTTATTATTGTGA
CL5500Contig1	129	12.0	1551	TTTGTGTTTGTTTTTATTATGAT
CL5570Contig1	161	8.7	1402	CCACCAATCACCAACCCAATGGACGCAGCAGCAGCCAATCCAAAGCACCACTTGCCGCAA
CL5750Contig1	60	16.1	965	T
CL5790Contig1	178	10.1	1799	TAC
CL6280Contig1	116	13.8	1596	TG
CL6790Contig1	107	12.6	1353	ATA
CL7680Contig1	101	10.6	1069	GT
CL7760Contig1	152	8.1	1229	GT
CL8740Contig1	134	6.2	833	TCT
CL9560Contig1	136	7.1	972	CACCCCGGTGCCGATGCCAACACCGCCAGAGTGAGGGACTAGATCATGCTCATCGGT
CL11760Contig1	100	6.6	662	AAT
CL12730Contig1	134	3.8	510	TACA
CL12750Contig1	54	4.9	265	TCGACTTACGAATC
CL12750Contig1	54	4.9	265	TTTTCGACTTACGAA
CL13010Contig1	130	2.4	314	TTAGGTTTTTGTCTATTTTG
CL13120Contig1	152	3.9	596	GTTATCTGTTTTCCTAC
CL13370Contig1	105	4.6	482	CTGT
CL13770Contig1	132	3.7	493	TTGTGTTTTGTTTTTATTTTGATCATGTATT
CL14030Contig1	101	4.3	435	CCAATAATACCACCTA
CL14180Contig1	103	4.5	461	CACATATGATAACC
CL1941Contig1	178	34.1	6078	GCATTATAAGTTTCCAAAG
CL2171Contig1	184	32.0	5881	CCTAT
CL2421Contig1	156	27.8	4334	TTCT
CL2421Contig2	103	1.8	186	TTCT
CL2421Contig3	101	3.4	343	AAAG
CL2551Contig1	237	19.7	4677	ATTTTTATTAA
CL2961Contig1	221	15.8	3493	AC
CL2981Contig1	222	15.6	3459	CAAATTTAATAT
CL3171Contig1	156	18.8	2927	AAATCGATAC
CL3211Contig1	133	29.0	3851	CCAGTTCCCTTTACTGCACAGAG
CL3341Contig1	177	19.0	3358	TCCCTATGTATGCCACTGTATAATGTACTTGCCA
CL3551Contig1	213	13.4	2845	GAGAATATTGTTGTTATG
CL4761Contig1	120	17.7	2121	TTC
CL6011Contig1	155	11.1	1723	TTTG
CL6271Contig1	188	9.2	1737	ATACAATGAATA
CL8021Contig1	116	8.0	932	TAT
CL8031Contig1	92	9.1	833	CA
CL8471Contig1	87	9.3	808	AC
CL9081Contig1	129	7.1	915	GAAT
CL9171Contig1	111	7.5	835	CT
CL10171Contig1	110	6.3	694	GT
CL10491Contig1	118	4.7	552	TAATAACCAAATGAAACC
CL12141Contig1	116	4.9	567	TATATATTTGGAACC
CL12751Contig1	119	4.5	539	TATTTTACTAAAATGTATATTAT
CL1762Contig1	177	38.7	6853	CAAGTGAAAATCCCTTG
CL1982Contig1	216	23.0	4975	TC
CL1982Contig2	84	2.0	166	AG
CL2002Contig1	204	29.6	6038	GTTTATACCTTA
CL2032Contig1	241	24.1	5799	GACTCGAGGTATGTATGTGGCC
CL2132Contig2	149	3.8	571	TAT
CL2272Contig1	285	10.8	3090	CA
CL2272Contig2	145	14.6	2118	TG
CL3292Contig1	186	19.0	3536	CA
CL3382Contig1	152	21.6	3283	GAA
CL3452Contig1	221	15.3	3377	TGAAGAATATAATTTAATGAGAGGA
CL3842Contig1	101	12.2	1233	TG
CL3842Contig2	139	11.3	1570	AC
CL3922Contig1	106	25.0	2653	AC
CL4022Contig1	79	20.1	1584	CA
CL4232Contig1	173	13.9	2398	ATACATACAT
CL4232Contig1	173	13.9	2398	ATACATACATATACAT
CL4312Contig1	182	6.9	1249	CTG
CL4722Contig1	119	19.5	2325	ACTATTCATTAAGCATGG
CL4932Contig1	144	13.9	2003	AGCAT
CL5612Contig1	135	11.7	1576	AGATTTAGAGTCTG
CL6152Contig1	110	13.8	1522	ATAGA
CL6632Contig1	137	10.8	1475	TGAATGGTGGTGAAAC
CL6632Contig1	137	10.8	1475	TGGTGAA
CL6842Contig1	126	7.7	966	CA
CL6852Contig1	130	7.2	935	GA
CL6932Contig1	116	11.4	1317	AAG
CL8182Contig2	101	2.5	253	GGGTGATATGATCACATAGGTCAGG
CL8342Contig1	126	7.1	898	TAG
CL8342Contig2	72	1.9	135	TAG
CL9112Contig1	124	7.8	964	ATGGATATAAGATGAATGGGCAGATGACC
CL9112Contig1	124	7.8	964	ATGAGATGGATGGGCAG
CL9462Contig1	133	7.5	999	AAAAATGGAAAAAATGAAAAAG
CL9922Contig1	166	5.0	826	TTACTTCCTTCC
CL10622Contig1	75	6.3	475	TC
CL10642Contig1	87	1.7	146	TGTGTGTGTTGTGCTGCTTTTTGTTTTGTTTG
CL10642Contig1	87	1.7	146	TGTGTGTGTATGTGTGGCTGTTTTTTGTT
CL10642Contig2	109	5.4	591	AAAAAAGCAGCACATAAACACACACACACCA
CL10812Contig1	104	5.7	591	AC
CL11022Contig1	147	5.5	805	GCTCTA
CL11022Contig1	147	5.5	805	CTCTATCTCTAG
CL11022Contig1	147	5.5	805	ATCTCTATCTCTAGCTCT
CL11362Contig1	101	5.6	564	ATGATTTTAGTA
CL11572Contig1	163	3.9	629	GGAGAATATTCTCC
CL11652Contig1	110	6.1	668	ATTTAAAGTATTCTACCCC
CL13872Contig1	105	4.1	430	ATTAAAATATATAATA
CL14412Contig1	115	3.7	422	GATA
CL1953Contig1	205	30.7	6289	AATGATAGTAGAGC
CL2563Contig1	267	17.3	4609	CATTACATA
CL2563Contig1	267	17.3	4609	CATTACATACATTGCATACTG
CL3523Contig1	157	20.7	3257	CAATAGACCAGCAC
CL3673Contig1	135	22.2	2997	TTGTTTTGATTATTTCTAGTATATATT
CL3783Contig1	117	18.6	2173	CTTT
CL4423Contig1	134	18.1	2431	GAA
CL4513Contig1	132	19.1	2525	GTACTCCTGGTTAGA
CL4513Contig1	132	19.1	2525	TGTTGTGTACTCC
CL4773Contig1	239	9.2	2193	CCAGACAGCATATAGG
CL7013Contig1	105	10.4	1094	TGTGTAATCTCATAGGGAGAT
CL7403Contig1	101	11.7	1186	TGTT
CL8363Contig1	121	6.4	774	TG
CL8453Contig1	161	6.1	978	GTAT
CL8963Contig1	112	4.8	540	GT
CL9033Contig1	103	6.3	654	AC
CL10183Contig1	131	6.4	838	CATATACATGCATATACATAATA
CL11993Contig1	104	6.5	676	TATG
CL12053Contig1	100	1.5	153	CT
CL12053Contig2	120	3.2	388	CT
CL12243Contig1	112	2.2	250	TGTTGTTTTGT
CL12243Contig1	112	2.2	250	TGTTGTGTTTTGTTTTGT
CL12823Contig1	130	4.1	536	TTC
CL13733Contig1	130	2.7	353	CT
CL13923Contig1	111	3.9	433	AG
CL14263Contig1	152	3.1	478	CTT
CL14563Contig1	148	3.1	464	AAACAAACAAAAAAC
CL1904Contig1	209	30.5	6368	CAA
CL2024Contig2	211	15.0	3161	TAAAATGATTTTGTATTATATGATGATT
CL2284Contig1	207	23.0	4763	TG
CL2574Contig1	204	22.3	4551	ATTATATATTGATTC
CL4134Contig1	137	20.4	2788	AGAA
CL4474Contig1	105	1.8	185	GT
CL4564Contig1	121	16.8	2037	AC
CL4634Contig1	124	17.9	2219	TGTTGTTT
CL4674Contig1	141	16.6	2343	AACTGAAATATT
CL5074Contig1	216	9.4	2036	GT
CL5274Contig1	123	14.2	1751	AC
CL5284Contig1	118	15.8	1863	AAAAAAGAAAAGAA
CL5334Contig1	168	11.4	1920	ACTCGAGAGATGGATGTGGCCG
CL5684Contig1	122	14.8	1802	TC
CL8194Contig1	115	8.6	985	CAT
CL8354Contig1	114	9.3	1059	AAGTTGAGCCTGATATCAGG
CL8954Contig1	105	8.7	912	TGACATTAATAAAT
CL8994Contig1	167	6.1	1024	GTTTTTCAGCAAACCT
CL10744Contig1	137	5.1	705	AATATTTGGGGAGAG
CL11084Contig1	100	7.4	737	AC
CL11654Contig1	132	4.7	617	TG
CL11834Contig1	167	4.0	663	ACTGTCA
CL12914Contig1	114	4.9	555	TAA
CL14044Contig1	70	3.2	226	AC
CL14214Contig1	138	3.6	494	TGAGCACCTGCAGGGCAGCAAAGG
CL1915Contig1	173	36.5	6307	AATTAAACAGATTAT
CL2075Contig1	174	32.7	5688	CCTTAAGTACTTTG
CL3645Contig1	104	21.3	2214	ACGCAATAACGAAAC
CL3735Contig1	183	15.8	2886	TATTTATTCAAT
CL3845Contig1	154	16.7	2577	TG
CL4665Contig1	185	13.1	2416	GTCCTGAATATGCAGTG
CL5525Contig1	277	6.5	1810	GT
CL5805Contig1	142	11.6	1654	TATCTAATCATCTATC
CL6675Contig1	119	13.0	1547	AAC
CL7085Contig1	159	9.0	1436	ACTCGAGTCCTCGATGTGGCCG
CL7275Contig1	140	8.9	1244	TAC
CL7935Contig1	242	5.0	1208	ATCTAATTCAAAAT
CL8345Contig1	151	3.8	580	GA
CL8345Contig1	151	3.8	580	AGAA
CL8365Contig1	112	8.4	940	TATTAAATCTGTTTTGCTATGT
CL8595Contig1	145	6.8	980	ACTCGAGCTTGTGATGTGGCCG
CL9105Contig2	101	4.6	464	AAC
CL9115Contig1	146	6.5	956	TCTATGAT
CL10465Contig1	86	4.5	385	AC
CL10865Contig1	121	6.1	744	ATG
CL10865Contig1	121	6.1	744	ATGATT
CL11145Contig1	115	5.6	647	TTTTG
CL11145Contig1	115	5.6	647	TTTTGTTTTTG
CL11145Contig1	115	5.6	647	TTTTTGTTTTGTTTTG
CL11765Contig1	101	3.0	301	GTCTGTAACCTGAAGC
CL11765Contig2	105	2.2	235	GGTTACAGACGCTTCA
CL11875Contig1	109	5.4	594	GAAC
CL12145Contig1	136	4.4	601	TGAAGCTGAATAT
CL12305Contig1	137	4.3	594	ACTTCAGGAGGTGTTCTTG
CL12325Contig1	137	4.2	581	AGGAAGGCAGGA
CL12445Contig1	107	4.7	502	TC
CL12465Contig1	105	4.6	484	ATT
CL13085Contig1	100	4.2	417	TG
CL13705Contig1	89	3.2	289	ACAAAATACATAATAAAAATAATCAAA
CL13835Contig1	99	4.3	424	TTG
CL2036Contig1	200	25.9	5177	TTTGTTTTTTGCTTG
CL2296Contig1	198	24.8	4907	TGT
CL2776Contig1	136	27.8	3784	TC
CL3456Contig1	156	4.2	659	AAACTGGAGAGACC
CL3856Contig1	273	10.6	2881	GGCCAGTGAAGGGGTGT
CL4046Contig1	120	8.5	1019	AAAACACAGACAG
CL4726Contig1	130	15.4	2005	ATAATATTTATATAAATAAAT
CL5866Contig1	140	7.3	1025	TGAGGAGTGAGGAAGGCAGG
CL6446Contig1	151	7.3	1099	GT
CL6706Contig1	110	13.3	1458	ATA
CL7136Contig1	204	6.2	1259	GA
CL8276Contig1	135	8.0	1076	GCA
CL8456Contig1	148	6.2	921	TTTATCTCTT
CL8566Contig1	195	4.6	895	ACTCGAGGGAGGGATGTGGCCG
CL9326Contig1	93	7.8	727	CT
CL9386Contig1	140	5.2	723	GT
CL9406Contig1	145	5.4	785	TC
CL9886Contig1	120	5.0	600	AAG
CL11636Contig1	127	5.2	657	ATTT
CL11746Contig1	101	5.9	600	GT
CL11926Contig1	102	6.3	638	TG
CL12276Contig1	147	4.1	603	AAGATGAGAAACCATCGCCAGCAA
CL12836Contig1	114	4.4	498	ATAGTTTAGCATGA
CL14176Contig1	98	3.0	297	CTGAGCCCAACAGTATCCA
CL14536Contig1	145	2.8	403	TAA
CL1767Contig1	171	40.9	6986	ATTG
CL2077Contig4	101	8.2	828	AATG
CL2337Contig1	113	38.9	4401	CT
CL2427Contig1	157	25.9	4063	TAGTATAGAATCCAGTA
CL3557Contig1	155	20.0	3105	AAC
CL4147Contig1	128	13.1	1682	ACGCTGCATGGAATCCACTGCATTCAATCGGGATCCATTTAACC
CL4277Contig1	162	16.0	2592	TATATATTGCCTGTATTACTG
CL4357Contig1	159	15.1	2396	ATTTTTCTCGACCTACG
CL4617Contig2	100	8.9	895	GT
CL4647Contig1	122	14.9	1813	TATC
CL5227Contig1	118	15.3	1800	TG
CL5377Contig1	234	7.5	1746	TC
CL6187Contig1	110	13.1	1436	GAA
CL6367Contig1	117	13.4	1568	GTTA
CL6367Contig1	117	13.4	1568	TCAA
CL6557Contig1	218	6.7	1450	TGATGATAAGTAT
CL6557Contig1	218	6.7	1450	AGTATTGAAGATAAGT
CL7017Contig1	144	9.9	1422	TAGGTCACA
CL7017Contig1	144	9.9	1422	TTAGGTCACATAGGTCACATAGGCTGAA
CL7147Contig1	142	9.9	1405	TAGGTGAGTAAGTATGAGTTG
CL7147Contig1	142	9.9	1405	TGAGTAAGTA
CL7207Contig1	101	14.5	1466	GAA
CL10227Contig1	142	5.4	760	TGGAC
CL10227Contig1	142	5.4	760	GGACTGGAATGGACT
CL10227Contig1	142	5.4	760	GGAAT
CL10227Contig1	142	5.4	760	GGACTGGAAT
CL10727Contig1	139	4.4	606	GAGCCTATGGAAAAACGCCA
CL11587Contig1	149	4.1	605	TGAT
CL13357Contig1	103	4.2	437	TTCTGAATGTGGGACCAATGTGGT
CL13357Contig1	103	4.2	437	AATGTGGTTTCTG
CL13557Contig1	138	3.7	504	TGACCAGGTGTCAGAAGGGAGGGG
CL13797Contig1	162	3.0	484	AGGGAGTGATG
CL14407Contig1	124	3.4	418	TTTTAAAAAATATGAAATAAAAAATAATAATAA
